<?xml version="1.0" encoding="UTF-8"?>
<project-private xmlns="http://www.netbeans.org/ns/project-private/1">
    <editor-bookmarks xmlns="http://www.netbeans.org/ns/editor-bookmarks/2" lastBookmarkId="0"/>
    <open-files xmlns="http://www.netbeans.org/ns/projectui-open-files/2">
        <group>
            <file>file:/C:/Users/ridha/Documents/NetBeansProjects/dbconnexion/src/utils/mydb.java</file>
            <file>file:/C:/Users/ridha/Documents/NetBeansProjects/dbconnexion/src/services/personneservice.java</file>
            <file>file:/C:/Users/ridha/Documents/NetBeansProjects/dbconnexion/src/gui/FXMLController.java</file>
            <file>file:/C:/Users/ridha/Documents/NetBeansProjects/dbconnexion/src/services/iservice.java</file>
            <file>file:/C:/Users/ridha/Documents/NetBeansProjects/dbconnexion/src/test/main.java</file>
            <file>file:/C:/Users/ridha/Documents/NetBeansProjects/dbconnexion/src/entites/personne.java</file>
        </group>
    </open-files>
</project-private>
